序号,生字,拼音1,拼音2,部首,笔画数,汉字结构,课次,年级
1,二,èr,,二,2,独体,第01课,P1
2,耳,ěr,,耳,6,独体,第01课,P1
3,口,kǒu,,口,3,独体,第01课,P1
4,人,rén,,人,2,独体,第01课,P1
5,五,wǔ,,一,4,独体,第01课,P1
6,牙,yá,,牙,4,独体,第01课,P1
7,衣,yī,,衣,6,独体,第01课,P1
8,一,yī,,一,1,独体,第01课,P1
9,鱼,yú,,鱼,8,独体,第01课,P1
10,雨,yǔ,,雨,8,独体,第01课,P1
11,爸,bà,,父,8,上下,第02课,P1
12,八,bā,,八,2,独体,第02课,P1
13,巴,bā,,巳,4,独体,第02课,P1
14,不,bù,,一,4,独体,第02课,P1
15,的,de,dì,白,8,左右,第02课,P1
16,弟,dì,,弓,7,上下,第02课,P1
17,儿,ér,,儿,2,独体,第02课,P1
18,父,fù,,父,4,独体,第02课,P1
19,妈,mā,,女,6,左右,第02课,P1
20,马,mǎ,,马,3,独体,第02课,P1
21,木,mù,,木,4,独体,第02课,P1
22,母,mǔ,,母,5,独体,第02课,P1
23,你,nǐ,,亻,7,左右,第02课,P1
24,他,tā,,亻,5,左右,第02课,P1
25,她,tā,,女,6,左右,第02课,P1
26,土,tǔ,,土,3,独体,第02课,P1
27,我,wǒ,,戈,7,独体,第02课,P1
28,也,yě,,乙,3,独体,第02课,P1
29,个,gè,,人,3,上下,第03课,P1
30,哥,gē,,口,10,上下,第03课,P1
31,河,hé,,氵,8,左右,第03课,P1
32,禾,hé,,禾,5,独体,第03课,P1
33,合,hé,,人,6,上下,第03课,P1
34,和,hé,huó,禾,8,左右,第03课,P1
35,几,jǐ,jī,几,2,独体,第03课,P1
36,句,jù,,勹,5,两面包围,第03课,P1
37,可,kě,,口,5,两面包围,第03课,P1
38,了,le,liǎo,乛,2,独体,第03课,P1
39,力,lì,,力,2,独体,第03课,P1
40,立,lì,,立,5,独体,第03课,P1
41,吗,ma,,口,6,左右,第03课,P1
42,米,mǐ,,米,6,独体,第03课,P1
43,气,qì,,气,4,独体,第03课,P1
44,七,qī,,一,2,独体,第03课,P1
45,去,qù,,土,5,上下,第03课,P1
46,以,yǐ,,人,4,左右,第03课,P1
47,把,bǎ,,扌,7,左右,第04课,P1
48,车,chē,,车,4,独体,第04课,P1
49,吃,chī,,口,6,左右,第04课,P1
50,尺,chǐ,,尸,4,独体,第04课,P1
51,出,chū,,凵,5,独体,第04课,P1
52,己,jǐ,,己,3,独体,第04课,P1
53,日,rì,,日,4,独体,第04课,P1
54,士,shì,,士,3,独体,第04课,P1
55,是,shì,,日,9,上下,第04课,P1
56,石,shí,,石,5,独体,第04课,P1
57,十,shí,,十,2,独体,第04课,P1
58,书,shū,,乛,4,独体,第04课,P1
59,四,sì,,囗,5,全包围,第04课,P1
60,它,tā,,宀,5,上下,第04课,P1
61,只,zhī,zhǐ,口,5,上下,第04课,P1
62,字,zì,,宀,6,上下,第04课,P1
63,自,zì,,自,6,独体,第04课,P1
64,子,zǐ,,子,3,独体,第04课,P1
65,安,ān,,宀,6,上下,第05课,P1
66,半,bàn,,十,5,独体,第05课,P1
67,包,bāo,,勹,5,两面包围,第05课,P1
68,草,cǎo,,艹,9,上下,第05课,P1
69,具,jù,,八,8,上下,第05课,P1
70,老,lǎo,,老,6,上下,第05课,P1
71,毛,máo,,毛,4,独体,第05课,P1
72,奶,nǎi,,女,5,左右,第05课,P1
73,三,sān,,一,3,独体,第05课,P1
74,伞,sǎn,,人,6,上下,第05课,P1
75,山,shān,,山,3,独体,第05课,P1
76,师,shī,,巾,6,左右,第05课,P1
77,太,tài,,大,4,独体,第05课,P1
78,玩,wán,,王,8,左右,第05课,P1
79,王,wáng,,王,4,独体,第05课,P1
80,午,wǔ,,十,4,独体,第05课,P1
81,羊,yáng,,羊,6,独体,第05课,P1
82,阳,yáng,,阝,6,左右,第05课,P1
83,早,zǎo,,日,6,独体,第05课,P1
84,大,dà,,大,3,独体,第06课,P1
85,刀,dāo,,刀,2,独体,第06课,P1
86,家,jiā,,宀,10,上下,第06课,P1
87,姐,jiě,,女,8,左右,第06课,P1
88,哭,kū,,口,10,上下,第06课,P1
89,来,lái,,木,7,独体,第06课,P1
90,里,lǐ,,里,7,独体,第06课,P1
91,苗,miáo,,艹,8,上下,第06课,P1
92,男,nán,,田,7,上下,第06课,P1
93,鸟,niǎo,,鸟,5,独体,第06课,P1
94,上,shàng,,一,3,独体,第06课,P1
95,田,tián,,田,5,独体,第06课,P1
96,网,wǎng,,冂,6,三面包围,第06课,P1
97,下,xià,,一,3,独体,第06课,P1
98,象,xiàng,,豕,11,上下,第06课,P1
99,笑,xiào,,⺮,10,上下,第06课,P1
100,小,xiǎo,,小,3,独体,第06课,P1
101,爷,yé,,父,6,上下,第06课,P1
102,在,zài,,土,6,两面包围,第06课,P1
103,竹,zhú,,竹,6,左右,第06课,P1
104,笔,bǐ,,⺮,10,上下,第07课,P1
105,长,cháng,zhǎng,长,4,独体,第07课,P1
106,床,chuáng,,广,7,两面包围,第07课,P1
107,多,duō,,夕,6,上下,第07课,P1
108,朵,duǒ,,木,6,上下,第07课,P1
109,瓜,guā,,瓜,5,独体,第07课,P1
110,关,guān,,丷,6,上下,第07课,P1
111,广,guǎng,,广,3,独体,第07课,P1
112,果,guǒ,,木,8,独体,第07课,P1
113,画,huà,,一,8,三面包围,第07课,P1
114,花,huā,,艹,7,上下,第07课,P1
115,火,huǒ,,火,4,独体,第07课,P1
116,开,kāi,,廾,4,独体,第07课,P1
117,两,liǎng,,一,7,独体,第07课,P1
118,面,miàn,,面,9,独体,第07课,P1
119,片,piàn,piān,片,4,独体,第07课,P1
120,少,shǎo,shào,小,4,上下,第07课,P1
121,叶,yè,,口,5,左右,第07课,P1
122,本,běn,,木,5,独体,第08课,P1
123,厂,chǎng,,厂,2,独体,第08课,P1
124,飞,fēi,,飞,3,独体,第08课,P1
125,工,gōng,,工,3,独体,第08课,P1
126,见,jiàn,,见,4,独体,第08课,P1
127,看,kàn,kān,目,9,上下,第08课,P1
128,妹,mèi,,女,8,左右,第08课,P1
129,们,men,,亻,5,左右,第08课,P1
130,门,mén,,门,3,独体,第08课,P1
131,目,mù,,目,5,独体,第08课,P1
132,跑,pǎo,,⻊,12,左右,第08课,P1
133,舌,shé,,舌,6,独体,第08课,P1
134,身,shēn,,身,7,独体,第08课,P1
135,手,shǒu,,手,4,独体,第08课,P1
136,体,tǐ,,亻,7,左右,第08课,P1
137,头,tóu,,大,5,独体,第08课,P1
138,问,wèn,,门,6,三面包围,第08课,P1
139,又,yòu,,又,2,独体,第08课,P1
140,走,zǒu,,走,7,独体,第08课,P1
141,足,zú,,足,7,独体,第08课,P1
142,贝,bèi,,贝,4,独体,第09课,P1
143,虫,chóng,,虫,6,独体,第09课,P1
144,点,diǎn,,灬,9,上下,第09课,P1
145,豆,dòu,,豆,7,独体,第09课,P1
146,弓,gōng,,弓,3,独体,第09课,P1
147,华,huá,,十,6,上下,第09课,P1
148,今,jīn,,人,4,独体,第09课,P1
149,井,jǐng,,二,4,独体,第09课,P1
150,九,jiǔ,,丿,2,独体,第09课,P1
151,粒,lì,,米,11,左右,第09课,P1
152,六,liù,,亠,4,独体,第09课,P1
153,么,me,,丿,3,独体,第09课,P1
154,牛,niú,,牛,4,独体,第09课,P1
155,什,shén,,亻,4,左右,第09课,P1
156,说,shuō,,讠,9,左右,第09课,P1
157,条,tiáo,,夂,7,上下,第09课,P1
158,文,wén,,文,4,独体,第09课,P1
159,心,xīn,,心,4,独体,第09课,P1
160,语,yǔ,,讠,9,左右,第09课,P1
161,支,zhī,,支,4,独体,第09课,P1
162,白,bái,,白,5,独体,第10课,P1
163,寸,cùn,,寸,3,独体,第10课,P1
164,地,dì,de,土,6,左右,第10课,P1
165,电,diàn,,日,5,独体,第10课,P1
166,对,duì,,寸,5,左右,第10课,P1
167,反,fǎn,,又,4,两面包围,第10课,P1
168,方,fāng,,方,4,独体,第10课,P1
169,风,fēng,,风,4,三面包围,第10课,P1
170,古,gǔ,,口,5,上下,第10课,P1
171,好,hǎo,hào,女,6,左右,第10课,P1
172,坏,huài,,土,7,左右,第10课,P1
173,旧,jiù,,日,5,左右,第10课,P1
174,雷,léi,,雨,13,上下,第10课,P1
175,没,méi,mò,氵,7,左右,第10课,P1
176,水,shuǐ,,水,4,独体,第10课,P1
177,天,tiān,,大,4,独体,第10课,P1
178,有,yǒu,,月,6,两面包围,第10课,P1
179,月,yuè,,月,4,独体,第10课,P1
180,云,yún,,二,4,独体,第10课,P1
181,正,zhèng,,止,5,独体,第10课,P1
182,边,biān,,辶,5,两面包围,第11课,P1
183,丁,dīng,,一,2,独体,第11课,P1
184,发,fà,fā,又,5,两面包围,第11课,P1
185,高,gāo,,高,10,上中下,第11课,P1
186,后,hòu,,口,6,两面包围,第11课,P1
187,回,huí,,囗,6,全包围,第11课,P1
188,甲,jiǎ,,丨,5,独体,第11课,P1
189,间,jiān,,门,7,三面包围,第11课,P1
190,末,mò,,木,5,独体,第11课,P1
191,朋,péng,,月,8,左右,第11课,P1
192,起,qǐ,,走,10,两面包围,第11课,P1
193,前,qián,,刀,9,上下,第11课,P1
194,同,tóng,,冂,6,三面包围,第11课,P1
195,学,xué,,子,8,上中下,第11课,P1
196,右,yòu,,口,5,两面包围,第11课,P1
197,友,yǒu,,又,4,两面包围,第11课,P1
198,直,zhí,,目,8,独体,第11课,P1
199,中,zhōng,zhòng,丨,4,独体,第11课,P1
200,周,zhōu,,口,8,三面包围,第11课,P1
201,坐,zuò,,土,7,上下,第11课,P1
202,左,zuǒ,,工,5,两面包围,第11课,P1
203,饱,bǎo,,饣,8,左右,第12课,P1
204,饼,bǐng,,饣,9,左右,第12课,P1
205,菜,cài,,艹,11,上下,第12课,P1
206,采,cǎi,,爫,8,上下,第12课,P1
207,唱,chàng,,口,11,左右,第12课,P1
208,蛋,dàn,,疋,11,上下,第12课,P1
209,饿,è,,饣,10,左右,第12课,P1
210,饭,fàn,,饣,7,左右,第12课,P1
211,干,gān,gàn,干,3,独体,第12课,P1
212,歌,gē,,欠,14,左右,第12课,P1
213,狗,gǒu,,犭,8,左右,第12课,P1
214,欢,huān,,欠,6,左右,第12课,P1
215,鸡,jī,,鸟,7,左右,第12课,P1
216,猫,māo,,犭,11,左右,第12课,P1
217,青,qīng,,青,8,上下,第12课,P1
218,肉,ròu,,肉,6,独体,第12课,P1
219,汤,tāng,,氵,6,左右,第12课,P1
220,喜,xǐ,,士,12,上中下,第12课,P1
221,香,xiāng,,香,9,上下,第12课,P1
222,鸭,yā,,鸟,10,左右,第12课,P1
223,元,yuán,,二,4,独体,第12课,P1
224,变,biàn,,亠,8,上下,第13课,P1
225,冲,chōng,,冫,6,左右,第13课,P1
226,到,dào,,刂,8,左右,第13课,P1
227,东,dōng,,一,5,独体,第13课,P1
228,放,fàng,,攵,8,左右,第13课,P1
229,很,hěn,,彳,9,左右,第13课,P1
230,巾,jīn,,巾,3,独体,第13课,P1
231,脸,liǎn,,月,11,左右,第13课,P1
232,凉,liáng,,冫,10,左右,第13课,P1
233,抹,mā,mǒ,扌,8,左右,第13课,P1
234,泡,pào,,氵,8,左右,第13课,P1
235,请,qǐng,,讠,10,左右,第13课,P1
236,刷,shuā,,刂,8,左右,第13课,P1
237,西,xī,,覀,6,独体,第13课,P1
238,洗,xǐ,,氵,9,左右,第13课,P1
239,先,xiān,,儿,6,上下,第13课,P1
240,谢,xiè,,讠,12,左中右,第13课,P1
241,要,yào,yāo,覀,9,上下,第13课,P1
242,用,yòng,,冂,5,独体,第13课,P1
243,被,bèi,,衤,10,左右,第14课,P1
244,穿,chuān,,穴,9,上下,第14课,P1
245,动,dòng,,力,6,左右,第14课,P1
246,都,dōu,dū,阝,10,左右,第14课,P1
247,服,fú,,月,8,左右,第14课,P1
248,还,hái,huán,辶,7,两面包围,第14课,P1
249,红,hóng,,纟,6,左右,第14课,P1
250,件,jiàn,,亻,6,左右,第14课,P1
251,快,kuài,,忄,7,左右,第14课,P1
252,那,nà,,阝,6,左右,第14课,P1
253,皮,pí,,皮,5,独体,第14课,P1
254,色,sè,,色,6,上下,第14课,P1
255,事,shì,,一,8,独体,第14课,P1
256,拾,shí,,扌,9,左右,第14课,P1
257,收,shōu,,攵,6,左右,第14课,P1
258,双,shuāng,,又,4,左右,第14课,P1
259,袜,wà,,衤,10,左右,第14课,P1
260,鞋,xié,,革,15,左右,第14课,P1
261,这,zhè,,辶,7,两面包围,第14课,P1
262,作,zuò,,亻,7,左右,第14课,P1
263,做,zuò,,亻,11,左中右,第14课,P1
264,办,bàn,,力,4,独体,第15课,P1
265,抱,bào,,扌,8,左右,第15课,P1
266,臭,chòu,,自,10,上下,第15课,P1
267,串,chuàn,,丨,7,独体,第15课,P1
268,法,fǎ,,氵,8,左右,第15课,P1
269,甘,gān,,甘,5,独体,第15课,P1
270,喝,hē,,口,12,左右,第15课,P1
271,斤,jīn,,斤,4,独体,第15课,P1
272,苦,kǔ,,艹,8,上下,第15课,P1
273,买,mǎi,,乙,6,上下,第15课,P1
274,拿,ná,,人,10,上下,第15课,P1
275,切,qiē,qiè,刀,4,左右,第15课,P1
276,生,shēng,,生,5,独体,第15课,P1
277,甜,tián,,甘,11,左右,第15课,P1
278,弯,wān,,弓,9,上下,第15课,P1
279,选,xuǎn,,辶,9,两面包围,第15课,P1
280,圆,yuán,,囗,10,全包围,第15课,P1
281,怎,zěn,,心,9,上下,第15课,P1
282,汁,zhī,,氵,5,左右,第15课,P1
283,重,zhòng,chóng,里,9,上下,第15课,P1
284,最,zuì,,日,12,上下,第15课,P1
285,啊,a,,口,10,左右,第16课,P1
286,阿,ā,,阝,7,左右,第16课,P1
287,打,dǎ,,扌,5,左右,第16课,P1
288,躲,duǒ,,身,13,左右,第16课,P1
289,房,fáng,,户,8,两面包围,第16课,P1
290,户,hù,,户,4,独体,第16课,P1
291,会,huì,,人,6,上下,第16课,P1
292,进,jìn,,辶,7,两面包围,第16课,P1
293,净,jìng,,冫,8,左右,第16课,P1
294,扫,sǎo,sào,扌,6,左右,第16课,P1
295,谁,shéi,,讠,10,左右,第16课,P1
296,声,shēng,,士,7,上下,第16课,P1
297,叔,shū,,又,8,左右,第16课,P1
298,听,tīng,,口,7,左右,第16课,P1
299,完,wán,,宀,7,上下,第16课,P1
300,写,xiě,,冖,5,上下,第16课,P1
301,兄,xiōng,,儿,5,上下,第16课,P1
302,业,yè,,一,5,独体,第16课,P1
303,椅,yǐ,,木,12,左右,第16课,P1
304,桌,zhuō,,木,10,上下,第16课,P1
305,爱,ài,,爫,10,上下,第17课,P1
306,给,gěi,,纟,9,左右,第17课,P1
307,故,gù,,攵,9,左右,第17课,P1
308,国,guó,,囗,8,全包围,第17课,P1
309,讲,jiǎng,,讠,6,左右,第17课,P1
310,节,jié,,艹,5,上下,第17课,P1
311,课,kè,,讠,10,左右,第17课,P1
312,乐,lè,yuè,丿,5,独体,第17课,P1
313,每,měi,,母,7,上下,第17课,P1
314,明,míng,,日,8,左右,第17课,P1
315,庆,qìng,,广,6,两面包围,第17课,P1
316,台,tái,,口,5,上下,第17课,P1
317,童,tóng,,立,12,上下,第17课,P1
318,晚,wǎn,,日,11,左右,第17课,P1
319,为,wèi,wéi,丶,4,独体,第17课,P1
320,星,xīng,,日,9,上下,第17课,P1
321,因,yīn,,囗,6,全包围,第17课,P1
322,祝,zhù,,礻,9,左右,第17课,P1
323,昨,zuó,,日,9,左右,第17课,P1
324,带,dài,,巾,9,上下,第18课,P1
325,短,duǎn,,矢,12,左右,第18课,P1
326,孩,hái,,子,9,左右,第18课,P1
327,黑,hēi,,黑,12,上下,第18课,P1
328,虎,hǔ,,虍,8,半包围,第18课,P1
329,话,huà,,讠,8,左右,第18课,P1
330,尖,jiān,,小,6,上下,第18课,P1
331,叫,jiào,,口,5,左右,第18课,P1
332,睛,jīng,,目,13,左右,第18课,P1
333,期,qī,,月,12,左右,第18课,P1
334,认,rèn,,讠,4,左右,第18课,P1
335,狮,shī,,犭,9,左中右,第18课,P1
336,兔,tù,,刀,8,上下,第18课,P1
337,尾,wěi,,尸,7,半包围,第18课,P1
338,物,wù,,牜,8,左右,第18课,P1
339,眼,yǎn,,目,11,左右,第18课,P1
340,园,yuán,,囗,7,全包围,第18课,P1
341,再,zài,,一,6,独体,第18课,P1
342,站,zhàn,,立,10,左右,第18课,P1
343,爪,zhuǎ,zhǎo,爪,4,独体,第18课,P1
344,伴,bàn,,亻,7,左右,第19课,P1
345,步,bù,,止,7,上下,第19课,P1
346,常,cháng,,巾,11,上中下,第19课,P1
347,场,chǎng,,土,6,左右,第19课,P1
348,店,diàn,,广,8,两面包围,第19课,P1
349,扶,fú,,扌,7,左右,第19课,P1
350,公,gōng,,八,4,上下,第19课,P1
351,伙,huǒ,,亻,6,左右,第19课,P1
352,拍,pāi,,扌,8,左右,第19课,P1
353,球,qiú,,王,11,左右,第19课,P1
354,商,shāng,,亠,11,上中下,第19课,P1
355,梯,tī,,木,11,左右,第19课,P1
356,图,tú,,囗,8,全包围,第19课,P1
357,屋,wū,,尸,9,两面包围,第19课,P1
358,戏,xì,,又,6,左右,第19课,P1
359,习,xí,,乙,3,独体,第19课,P1
360,校,xiào,,木,10,左右,第19课,P1
361,兴,xìng,xīng,八,6,独体,第19课,P1
362,游,yóu,,氵,12,左中右,第19课,P1
363,组,zǔ,,纟,8,左右,第19课,P1
